<?xml version="1.0" encoding="UTF-8"?>
<preferences>
 <debug showDebugMenu="0" />
 <systemtable filter="All Interfaces">
  <columns>
   <connections preferredWidth="47" />
   <irq preferredWidth="34" />
  </columns>
 </systemtable>
 <library
   expandedCategories="Library/Interface Protocols/PCI Express,Library/Processors and Peripherals,Library/Processors and Peripherals/Peripherals,Library/Interface Protocols/PCI Express/QSYS Example Designs,Library,Project,Library/Interface Protocols" />
 <window width="1366" height="744" x="0" y="24" />
</preferences>
